ID,Tema,Formato,Idea,Prueba visual,Estado
T1-1,Elegir el envase según el producto,Tutorial,Cómo elegir envase para un sérum en 3 preguntas (textura · luz · dosis),Body ámbar 125 cc + gotero vs. pote; mano mostrando textura,lista para desarrollar
T1-2,Elegir el envase según el producto,Comparación,Ámbar vs. blanco vs. cristal: qué protege cada uno,Los 3 Body 125 cc lado a lado con luz de ventana,lista para desarrollar
T1-3,Elegir el envase según el producto,Lista,4 productos que nunca deberían ir en envase transparente,Cada producto junto al envase recomendado,falta evidencia (confirmar productos fotosensibles con el cliente/proveedor)
T1-4,Elegir el envase según el producto,Historia,Una clienta que cambió de envase y por qué,Antes/después de su producto,requiere caso real
T1-5,Elegir el envase según el producto,Opinión,El envase es lo primero que ve tu cliente: por qué no conviene ahorrar ahí,Mismo producto en envase genérico vs. ámbar con tapa dorada,lista para desarrollar
T2-1,Combinar envase con tapa o válvula,Tutorial,Cómo leer la rosca (20/410 · 24/410) para no comprar la tapa equivocada,Primer plano del cuello + tapa que entra y una que no,lista para desarrollar
T2-2,Combinar envase con tapa o válvula,Comparación,Gotero vs. válvula spray vs. crema en el mismo frasco,Un frasco con las 3 terminaciones intercambiadas,lista para desarrollar
T2-3,Combinar envase con tapa o válvula,Lista,5 combinaciones envase + tapa que más salen,Flatlay de las 5 combinaciones con precio de la web,falta evidencia (pedir datos de ventas al local)
T2-4,Combinar envase con tapa o válvula,Historia,El pedido que llegó con la tapa que no cerraba,Mostrar el error y la solución,requiere caso real
T2-5,Combinar envase con tapa o válvula,Opinión,Por qué conviene comprar envase y tapa en el mismo lugar,Rosca compatible cerrando en un solo giro,lista para desarrollar
T3-1,Armar un difusor de ambiente,Tutorial,Armá tu difusor de varillas paso a paso,Frasco Lyon 125 cc + esencia + varillas en mesa,lista para desarrollar
T3-2,Armar un difusor de ambiente,Comparación,Tapa difusora vs. frasco abierto: cuánto dura el aroma,Dos difusores con marca de nivel día 1 y día 15,falta evidencia (hacer la prueba antes de publicar)
T3-3,Armar un difusor de ambiente,Lista,Cuántas varillas usar según el ambiente,Varillas en mano: pocas / medias / muchas,falta evidencia (confirmar recomendación con proveedor de esencias)
T3-4,Armar un difusor de ambiente,Historia,Cómo arrancó un emprendimiento de difusores comprando en el local,Su producto terminado,requiere caso real
T3-5,Armar un difusor de ambiente,Opinión,El frasco hace que un difusor se venda como regalo,Mismo difusor en frasco simple vs. ámbar con tapa dorada,lista para desarrollar
T4-1,Arrancar un emprendimiento con poca inversión,Tutorial,Tu primer pedido: qué comprar para un primer lote chico,Lista de compras real con precios de la web,lista para desarrollar
T4-2,Arrancar un emprendimiento con poca inversión,Comparación,Comprar por unidad vs. por mayor: cuándo conviene cada uno,Tabla de precio minorista y mayorista del mismo envase,falta evidencia (confirmar mínimos mayoristas)
T4-3,Arrancar un emprendimiento con poca inversión,Lista,Kit de muestras: envases chicos para regalar con cada venta,Pote 5 cc ($373) · vial 6 cc ($775) en fila,lista para desarrollar
T4-4,Arrancar un emprendimiento con poca inversión,Historia,Del primer pedido de 10 frascos a una marca propia,Evolución del producto,requiere caso real
T4-5,Arrancar un emprendimiento con poca inversión,Opinión,No hace falta comprar mil unidades para empezar,Mano sosteniendo 1 envase frente a una caja,lista para desarrollar
T5-1,Presentación que vende,Tutorial,Fotografiá tu producto con el celular y una ventana,Antes/después de foto del mismo frasco,lista para desarrollar
T5-2,Presentación que vende,Comparación,Tapa dorada vs. negra vs. blanca: qué transmite cada una,Mismo envase con 3 tapas,lista para desarrollar
T5-3,Presentación que vende,Lista,Detalles chicos que hacen ver profesional tu producto,Etiqueta · tapa · cinta · caja en primer plano,lista para desarrollar
T5-4,Presentación que vende,Historia,Rediseño de presentación de una marca clienta,Antes/después del packaging,requiere caso real
T5-5,Presentación que vende,Opinión,Un envase lindo te deja cobrar más (y por qué),Mismo producto en dos presentaciones con su precio de góndola,falta evidencia (no afirmar márgenes sin datos)
T6-1,Comprar en Envases 3G,Tutorial,Cómo hacer tu pedido: web → WhatsApp → retiro o envío,Grabación de pantalla de la web + chat,lista para desarrollar
T6-2,Comprar en Envases 3G,Comparación,Retiro en el local vs. envío: qué conviene según tu pedido,Local de Moreno 4156 + paquete armado,falta evidencia (confirmar costos y zonas de envío)
T6-3,Comprar en Envases 3G,Lista,Las preguntas que más nos hacen por WhatsApp,Capturas anonimizadas,falta evidencia (juntar preguntas reales)
T6-4,Comprar en Envases 3G,Historia,Un día en el local armando pedidos,Video del local y las estanterías,requiere caso real (grabar en el local)
T6-5,Comprar en Envases 3G,Opinión,Por qué publicamos los precios en la web,Scroll del catálogo con precios,lista para desarrollar
