archivo,codigo,nombre_planilla,precio_solo_planilla,slug_sugerido,nombre_catalogo,coincidencia,precio_catalogo,revisar,precios_con_accesorios_json
nhp 20.xlsx,B056,BODY 125 CRISTAL ,435,body-125-cc-cristal,Body 125 cc Cristal,1.0,435,No,"{""crema premium blanca (B040) negra (B041)"": 1493, ""crema gota gota negra/blanca"": 965, ""crema gota gota ENFUNDADA"": 1556, ""spray blanca/ negra"": 778, ""spray enfundada plata oro b114 / B115"": 1556, ""tapa flip on top blanca (B053) negra (J010)"": 654, ""tapa ciega blanca (H012)"": 585, ""difusora plastica VARIOS COLORES"": 585}"
nhp 20.xlsx,B057,BODY 125 BLANCO,468,body-125-cc-blanco,Body 125 cc Blanco,1.0,468,No,"{""crema premium blanca (B040) negra (B041)"": 1526, ""crema gota gota negra/blanca"": 998, ""crema gota gota ENFUNDADA"": 1589, ""spray blanca/ negra"": 811, ""spray enfundada plata oro b114 / B115"": 1589, ""tapa flip on top blanca (B053) negra (J010)"": 687, ""tapa ciega blanca (H012)"": 618, ""difusora plastica VARIOS COLORES"": 618}"
nhp 20.xlsx,B058,BODY 125 AMBAR,468,body-125-cc-ambar,Body 125 cc Ámbar,1.0,468,No,"{""crema premium blanca (B040) negra (B041)"": 1526, ""crema gota gota negra/blanca"": 998, ""crema gota gota ENFUNDADA"": 1589, ""spray blanca/ negra"": 811, ""spray enfundada plata oro b114 / B115"": 1589, ""tapa flip on top blanca (B053) negra (J010)"": 687, ""tapa ciega blanca (H012)"": 618, ""difusora plastica VARIOS COLORES"": 618}"
nhp 20.xlsx,B104,BODY 100 CRISTAL,435,body-100-cc-cristal,Body 100 cc Cristal,1.0,435,No,"{""crema premium blanca (B040) negra (B041)"": 1493, ""crema gota gota negra/blanca"": 965, ""crema gota gota ENFUNDADA"": 1556, ""spray blanca/ negra"": 778, ""spray enfundada plata oro b114 / B115"": 1556, ""tapa flip on top blanca (B053) negra (J010)"": 654, ""tapa ciega blanca (H012)"": 585, ""difusora plastica VARIOS COLORES"": 585}"
nhp 20.xlsx,B014,SOFT 100 ML -  CRISTAL  R  20,0,soft-100-cc-cristal,Soft 100 cc Cristal,1.0,435,Sí,"{""crema premium blanca (B040) negra (B041)"": 1058, ""crema gota gota negra/blanca"": 530, ""crema gota gota ENFUNDADA"": 1121, ""spray blanca/ negra"": 343, ""spray enfundada plata oro b114 / B115"": 1121, ""tapa flip on top blanca (B053) negra (J010)"": 219, ""tapa ciega blanca (H012)"": 150, ""difusora plastica VARIOS COLORES"": 150}"
nhp 20.xlsx,B075,LONG HEAVEN 100 CRISTAL,435,long-heaven-100-cc-cristal,Long Heaven 100 cc Cristal,1.0,435,No,"{""crema premium blanca (B040) negra (B041)"": 1493, ""crema gota gota negra/blanca"": 965, ""crema gota gota ENFUNDADA"": 1556, ""spray blanca/ negra"": 778, ""spray enfundada plata oro b114 / B115"": 1556, ""tapa flip on top blanca (B053) negra (J010)"": 654, ""tapa ciega blanca (H012)"": 585, ""difusora plastica VARIOS COLORES"": 585}"
nhp 20.xlsx,B076,LONG HEAVEN 100 BLANCO,504,long-heaven-100-cc-blanco,Long Heaven 100 cc Blanco,1.0,504,No,"{""crema premium blanca (B040) negra (B041)"": 1562, ""crema gota gota negra/blanca"": 1034, ""crema gota gota ENFUNDADA"": 1625, ""spray blanca/ negra"": 847, ""spray enfundada plata oro b114 / B115"": 1625, ""tapa flip on top blanca (B053) negra (J010)"": 723, ""tapa ciega blanca (H012)"": 654, ""difusora plastica VARIOS COLORES"": 654}"
nhp 20.xlsx,B077,LONG HEAVEN 100 AMBAR,504,long-heaven-100-cc-ambar,Long Heaven 100 cc Ambar,1.0,504,No,"{""crema premium blanca (B040) negra (B041)"": 1562, ""crema gota gota negra/blanca"": 1034, ""crema gota gota ENFUNDADA"": 1625, ""spray blanca/ negra"": 847, ""spray enfundada plata oro b114 / B115"": 1625, ""tapa flip on top blanca (B053) negra (J010)"": 723, ""tapa ciega blanca (H012)"": 654, ""difusora plastica VARIOS COLORES"": 654}"
nhp 20.xlsx,B015,RO 75 BLANCO ,311,ro-75-cc-blanco,Ro 75 cc Blanco,1.0,311,No,"{""crema premium blanca (B040) negra (B041)"": 1369, ""crema gota gota negra/blanca"": 841, ""crema gota gota ENFUNDADA"": 1432, ""spray blanca/ negra"": 654, ""spray enfundada plata oro b114 / B115"": 1432, ""tapa flip on top blanca (B053) negra (J010)"": 530, ""tapa ciega blanca (H012)"": 461, ""difusora plastica VARIOS COLORES"": 461}"
nhp 20.xlsx,B016,RO 75 AMBAR,311,ro-75-cc-ambar,Ro 75 cc Ambar,1.0,311,No,"{""crema premium blanca (B040) negra (B041)"": 1369, ""crema gota gota negra/blanca"": 841, ""crema gota gota ENFUNDADA"": 1432, ""spray blanca/ negra"": 654, ""spray enfundada plata oro b114 / B115"": 1432, ""tapa flip on top blanca (B053) negra (J010)"": 530, ""tapa ciega blanca (H012)"": 461, ""difusora plastica VARIOS COLORES"": 461}"
nhp 20.xlsx,B034,HEAVEN 75 CRISTAL,328,heaven-75-cc-cristal,Heaven 75 cc Cristal,1.0,328,No,"{""crema premium blanca (B040) negra (B041)"": 1386, ""crema gota gota negra/blanca"": 858, ""crema gota gota ENFUNDADA"": 1449, ""spray blanca/ negra"": 671, ""spray enfundada plata oro b114 / B115"": 1449, ""tapa flip on top blanca (B053) negra (J010)"": 547, ""tapa ciega blanca (H012)"": 478, ""difusora plastica VARIOS COLORES"": 478}"
nhp 20.xlsx,B024,OVAL 60  BLANCO,343,oval-60-cc-blanco,Oval 60 cc Blanco,1.0,343,No,"{""crema premium blanca (B040) negra (B041)"": 1401, ""crema gota gota negra/blanca"": 873, ""crema gota gota ENFUNDADA"": 1464, ""spray blanca/ negra"": 686, ""spray enfundada plata oro b114 / B115"": 1464, ""tapa flip on top blanca (B053) negra (J010)"": 562, ""tapa ciega blanca (H012)"": 493, ""difusora plastica VARIOS COLORES"": 493}"
nhp 20.xlsx,B111,OVAL 60 CRISTAL ,311,oval-60-cc-cristal,Oval 60 cc Cristal,1.0,311,No,"{""crema premium blanca (B040) negra (B041)"": 1369, ""crema gota gota negra/blanca"": 841, ""crema gota gota ENFUNDADA"": 1432, ""spray blanca/ negra"": 654, ""spray enfundada plata oro b114 / B115"": 1432, ""tapa flip on top blanca (B053) negra (J010)"": 530, ""tapa ciega blanca (H012)"": 461, ""difusora plastica VARIOS COLORES"": 461}"
nhp 20.xlsx,B101,BODY 60 CRISTAL,311,body-60-cc-cristal,Body 60 cc Cristal,1.0,311,No,"{""crema premium blanca (B040) negra (B041)"": 1369, ""crema gota gota negra/blanca"": 841, ""crema gota gota ENFUNDADA"": 1432, ""spray blanca/ negra"": 654, ""spray enfundada plata oro b114 / B115"": 1432, ""tapa flip on top blanca (B053) negra (J010)"": 530, ""tapa ciega blanca (H012)"": 461, ""difusora plastica VARIOS COLORES"": 461}"
nhp 20.xlsx,B103,BODY 60 AMBAR,328,body-60-cc-ambar,Body 60 cc Ambar,1.0,328,No,"{""crema premium blanca (B040) negra (B041)"": 1386, ""crema gota gota negra/blanca"": 858, ""crema gota gota ENFUNDADA"": 1449, ""spray blanca/ negra"": 671, ""spray enfundada plata oro b114 / B115"": 1449, ""tapa flip on top blanca (B053) negra (J010)"": 547, ""tapa ciega blanca (H012)"": 478, ""difusora plastica VARIOS COLORES"": 478}"
nhp 20.xlsx,B102,BODY 60 BLANCO,328,body-60-cc-blanco,Body 60 cc Blanco,1.0,328,No,"{""crema premium blanca (B040) negra (B041)"": 1386, ""crema gota gota negra/blanca"": 858, ""crema gota gota ENFUNDADA"": 1449, ""spray blanca/ negra"": 671, ""spray enfundada plata oro b114 / B115"": 1449, ""tapa flip on top blanca (B053) negra (J010)"": 547, ""tapa ciega blanca (H012)"": 478, ""difusora plastica VARIOS COLORES"": 478}"
nhp 20.xlsx,B082,HEAVEN 60 CRISTAL ,325,heaven-60-cc-cristal,Heaven 60 cc Cristal,1.0,325,No,"{""crema premium blanca (B040) negra (B041)"": 1383, ""crema gota gota negra/blanca"": 855, ""crema gota gota ENFUNDADA"": 1446, ""spray blanca/ negra"": 668, ""spray enfundada plata oro b114 / B115"": 1446, ""tapa flip on top blanca (B053) negra (J010)"": 544, ""tapa ciega blanca (H012)"": 475, ""difusora plastica VARIOS COLORES"": 475}"
nhp 20.xlsx,B032,HEAVEN 60 BLANCO,330,heaven-60-cc-blanco,Heaven 60 cc Blanco,1.0,330,No,"{""crema premium blanca (B040) negra (B041)"": 1388, ""crema gota gota negra/blanca"": 860, ""crema gota gota ENFUNDADA"": 1451, ""spray blanca/ negra"": 673, ""spray enfundada plata oro b114 / B115"": 1451, ""tapa flip on top blanca (B053) negra (J010)"": 549, ""tapa ciega blanca (H012)"": 480, ""difusora plastica VARIOS COLORES"": 480}"
nhp 20.xlsx,B038,HEAVEN 60 AMBAR,330,heaven-60-cc-ambar,Heaven 60 cc Ambar,1.0,330,No,"{""crema premium blanca (B040) negra (B041)"": 1388, ""crema gota gota negra/blanca"": 860, ""crema gota gota ENFUNDADA"": 1451, ""spray blanca/ negra"": 673, ""spray enfundada plata oro b114 / B115"": 1451, ""tapa flip on top blanca (B053) negra (J010)"": 549, ""tapa ciega blanca (H012)"": 480, ""difusora plastica VARIOS COLORES"": 480}"
nhp 20.xlsx,B105,HEAVEN 50 CRISTAL,311,heaven-50-cc-cristal-pet,Heaven 50 cc Cristal PET,1.0,311,No,"{""crema premium blanca (B040) negra (B041)"": 1369, ""crema gota gota negra/blanca"": 841, ""crema gota gota ENFUNDADA"": 1432, ""spray blanca/ negra"": 654, ""spray enfundada plata oro b114 / B115"": 1432, ""tapa flip on top blanca (B053) negra (J010)"": 530, ""tapa ciega blanca (H012)"": 461, ""difusora plastica VARIOS COLORES"": 461}"
nhp 20.xlsx,B069,HEAVEN 30  CRISTAL ,280,heaven-30-cc-cristal,Heaven 30 cc Cristal,1.0,280,No,"{""crema premium blanca (B040) negra (B041)"": 1338, ""crema gota gota negra/blanca"": 810, ""crema gota gota ENFUNDADA"": 1401, ""spray blanca/ negra"": 623, ""spray enfundada plata oro b114 / B115"": 1401, ""tapa flip on top blanca (B053) negra (J010)"": 499, ""tapa ciega blanca (H012)"": 430, ""difusora plastica VARIOS COLORES"": 430}"
nhp 20.xlsx,B031,HEAVEN 30  BLANCO,311,heaven-30-cc-blanco,Heaven 30 cc Blanco,1.0,311,No,"{""crema premium blanca (B040) negra (B041)"": 1369, ""crema gota gota negra/blanca"": 841, ""crema gota gota ENFUNDADA"": 1432, ""spray blanca/ negra"": 654, ""spray enfundada plata oro b114 / B115"": 1432, ""tapa flip on top blanca (B053) negra (J010)"": 530, ""tapa ciega blanca (H012)"": 461, ""difusora plastica VARIOS COLORES"": 461}"
nhp 20.xlsx,B113,HEAVEN 30  NEGRO,311,heaven-30-cc-negro,Heaven 30 cc Negro,1.0,311,No,"{""crema premium blanca (B040) negra (B041)"": 1369, ""crema gota gota negra/blanca"": 841, ""crema gota gota ENFUNDADA"": 1432, ""spray blanca/ negra"": 654, ""spray enfundada plata oro b114 / B115"": 1432, ""tapa flip on top blanca (B053) negra (J010)"": 530, ""tapa ciega blanca (H012)"": 461, ""difusora plastica VARIOS COLORES"": 461}"
nhp 20.xlsx,B097,HEAVEN 30 AMBAR,311,heaven-30-cc-ambar,Heaven 30 cc Ambar,1.0,311,No,"{""crema premium blanca (B040) negra (B041)"": 1369, ""crema gota gota negra/blanca"": 841, ""crema gota gota ENFUNDADA"": 1432, ""spray blanca/ negra"": 654, ""spray enfundada plata oro b114 / B115"": 1432, ""tapa flip on top blanca (B053) negra (J010)"": 530, ""tapa ciega blanca (H012)"": 461, ""difusora plastica VARIOS COLORES"": 461}"
nhp 20.xlsx,C023,MILANO 20 CRISTAL,450,milano-20-cc-cristal,Milano 20 cc Cristal,1.0,450,No,"{""crema premium blanca (B040) negra (B041)"": 1508, ""crema gota gota negra/blanca"": 980, ""crema gota gota ENFUNDADA"": 1571, ""spray blanca/ negra"": 793, ""spray enfundada plata oro b114 / B115"": 1571, ""tapa flip on top blanca (B053) negra (J010)"": 669, ""tapa ciega blanca (H012)"": 600, ""difusora plastica VARIOS COLORES"": 600}"
nhp 20.xlsx,B060,COMPONENT 100 SOFT T. BLANCO,0,omega-300-cc-soap-blanco,Omega 300 cc Soap Blanco,0.667,592,Sí,{}
nhp 24.xlsx,C018,LYON 500 CRISTAL ,630,lyon-500-cc-cristal,Lyon 500 cc Cristal,1.0,630,No,"{""SPRAY    natural/ negra/blanca"": 1004, ""SPRAY ENFUNDADA plata /oro"": 1661, ""CREMA blanca/  negra"": 1128, ""CREMA ENFUNDADA plata / oro"": 1717, ""CREMA PREMIUM blanca/negra"": 1190, ""GATILLO MINI trigger negro/blanco"": 1377, ""TAPA CIEGA natural / negra / blanca"": 790, ""difusora aluminio plata / oro"": 810, ""DIFUSORA PLASTICA negra / gris / humo/ blanca"": 784, ""DISK TOP negra / natural"": 794, ""FLIP TOP blanca / natural / negra"": 849, ""tapa ciega aluminio (N022)"": 810}"
nhp 24.xlsx,C019,LYON 500 AMBAR ,690,lyon-500-cc-ambar,Lyon 500 cc Ambar,1.0,690,No,"{""SPRAY    natural/ negra/blanca"": 1064, ""SPRAY ENFUNDADA plata /oro"": 1721, ""CREMA blanca/  negra"": 1188, ""CREMA ENFUNDADA plata / oro"": 1777, ""CREMA PREMIUM blanca/negra"": 1250, ""GATILLO MINI trigger negro/blanco"": 1437, ""TAPA CIEGA natural / negra / blanca"": 850, ""difusora aluminio plata / oro"": 870, ""DIFUSORA PLASTICA negra / gris / humo/ blanca"": 844, ""DISK TOP negra / natural"": 854, ""FLIP TOP blanca / natural / negra"": 909, ""tapa ciega aluminio (N022)"": 870}"
nhp 24.xlsx,C021,LYON 500 BLANCO,690,lyon-500-cc-blanco,Lyon 500 cc Blanco,1.0,690,No,"{""SPRAY    natural/ negra/blanca"": 1064, ""SPRAY ENFUNDADA plata /oro"": 1721, ""CREMA blanca/  negra"": 1188, ""CREMA ENFUNDADA plata / oro"": 1777, ""CREMA PREMIUM blanca/negra"": 1250, ""GATILLO MINI trigger negro/blanco"": 1437, ""TAPA CIEGA natural / negra / blanca"": 850, ""difusora aluminio plata / oro"": 870, ""DIFUSORA PLASTICA negra / gris / humo/ blanca"": 844, ""DISK TOP negra / natural"": 854, ""FLIP TOP blanca / natural / negra"": 909, ""tapa ciega aluminio (N022)"": 870}"
nhp 24.xlsx,C035,LYON 500 NEGRO,898,lyon-500-cc-negro,Lyon 500 cc negro,1.0,898,No,"{""SPRAY    natural/ negra/blanca"": 1272, ""SPRAY ENFUNDADA plata /oro"": 1929, ""CREMA blanca/  negra"": 1396, ""CREMA ENFUNDADA plata / oro"": 1985, ""CREMA PREMIUM blanca/negra"": 1458, ""GATILLO MINI trigger negro/blanco"": 1645, ""TAPA CIEGA natural / negra / blanca"": 1058, ""difusora aluminio plata / oro"": 1078, ""DIFUSORA PLASTICA negra / gris / humo/ blanca"": 1052, ""DISK TOP negra / natural"": 1062, ""FLIP TOP blanca / natural / negra"": 1117, ""tapa ciega aluminio (N022)"": 1078}"
nhp 24.xlsx,C0029,VENECIA 400 FUME,777,venecia-400-cc-fume,Venecia 400 cc Fumé,1.0,777,No,"{""SPRAY    natural/ negra/blanca"": 1151, ""SPRAY ENFUNDADA plata /oro"": 1808, ""CREMA blanca/  negra"": 1275, ""CREMA ENFUNDADA plata / oro"": 1864, ""CREMA PREMIUM blanca/negra"": 1337, ""GATILLO MINI trigger negro/blanco"": 1524, ""TAPA CIEGA natural / negra / blanca"": 937, ""difusora aluminio plata / oro"": 957, ""DIFUSORA PLASTICA negra / gris / humo/ blanca"": 931, ""DISK TOP negra / natural"": 941, ""FLIP TOP blanca / natural / negra"": 996, ""tapa ciega aluminio (N022)"": 957}"
nhp 24.xlsx,C030,VENECIA 400 CRISTAL,712,venecia-400-cc-cristal,Venecia 400 cc Cristal,1.0,712,No,"{""SPRAY    natural/ negra/blanca"": 1086, ""SPRAY ENFUNDADA plata /oro"": 1743, ""CREMA blanca/  negra"": 1210, ""CREMA ENFUNDADA plata / oro"": 1799, ""CREMA PREMIUM blanca/negra"": 1272, ""GATILLO MINI trigger negro/blanco"": 1459, ""TAPA CIEGA natural / negra / blanca"": 872, ""difusora aluminio plata / oro"": 892, ""DIFUSORA PLASTICA negra / gris / humo/ blanca"": 866, ""DISK TOP negra / natural"": 876, ""FLIP TOP blanca / natural / negra"": 931, ""tapa ciega aluminio (N022)"": 892}"
nhp 24.xlsx,B011,OMEGA 350 CRISTAL,592,omega-350-cc-cristal,Omega 350 cc Cristal,1.0,592,No,"{""SPRAY    natural/ negra/blanca"": 966, ""SPRAY ENFUNDADA plata /oro"": 1623, ""CREMA blanca/  negra"": 1090, ""CREMA ENFUNDADA plata / oro"": 1679, ""CREMA PREMIUM blanca/negra"": 1152, ""GATILLO MINI trigger negro/blanco"": 1339, ""TAPA CIEGA natural / negra / blanca"": 752, ""difusora aluminio plata / oro"": 772, ""DIFUSORA PLASTICA negra / gris / humo/ blanca"": 746, ""DISK TOP negra / natural"": 756, ""FLIP TOP blanca / natural / negra"": 811, ""tapa ciega aluminio (N022)"": 772}"
nhp 24.xlsx,B010,OMEGA 350 AMBAR,623,omega-350-cc-ambar,Omega 350 cc Ambar,1.0,623,No,"{""SPRAY    natural/ negra/blanca"": 997, ""SPRAY ENFUNDADA plata /oro"": 1654, ""CREMA blanca/  negra"": 1121, ""CREMA ENFUNDADA plata / oro"": 1710, ""CREMA PREMIUM blanca/negra"": 1183, ""GATILLO MINI trigger negro/blanco"": 1370, ""TAPA CIEGA natural / negra / blanca"": 783, ""difusora aluminio plata / oro"": 803, ""DIFUSORA PLASTICA negra / gris / humo/ blanca"": 777, ""DISK TOP negra / natural"": 787, ""FLIP TOP blanca / natural / negra"": 842, ""tapa ciega aluminio (N022)"": 803}"
nhp 24.xlsx,B074,OMEGA 350 BLANCO,623,omega-350-cc-blanco,Omega 350 cc Blanco,1.0,623,No,"{""SPRAY    natural/ negra/blanca"": 997, ""SPRAY ENFUNDADA plata /oro"": 1654, ""CREMA blanca/  negra"": 1121, ""CREMA ENFUNDADA plata / oro"": 1710, ""CREMA PREMIUM blanca/negra"": 1183, ""GATILLO MINI trigger negro/blanco"": 1370, ""TAPA CIEGA natural / negra / blanca"": 783, ""difusora aluminio plata / oro"": 803, ""DIFUSORA PLASTICA negra / gris / humo/ blanca"": 777, ""DISK TOP negra / natural"": 787, ""FLIP TOP blanca / natural / negra"": 842, ""tapa ciega aluminio (N022)"": 803}"
nhp 24.xlsx,C036,LYON 350 AMBAR,630,lyon-500-cc-ambar,Lyon 500 cc Ambar,0.929,690,Sí,"{""SPRAY    natural/ negra/blanca"": 1004, ""SPRAY ENFUNDADA plata /oro"": 1661, ""CREMA blanca/  negra"": 1128, ""CREMA ENFUNDADA plata / oro"": 1717, ""CREMA PREMIUM blanca/negra"": 1190, ""GATILLO MINI trigger negro/blanco"": 1377, ""TAPA CIEGA natural / negra / blanca"": 790, ""difusora aluminio plata / oro"": 810, ""DIFUSORA PLASTICA negra / gris / humo/ blanca"": 784, ""DISK TOP negra / natural"": 794, ""FLIP TOP blanca / natural / negra"": 849, ""tapa ciega aluminio (N022)"": 810}"
nhp 24.xlsx,B118,OMEGA SOAP 300 CRISTAL,529,omega-soap-300-cc-cristal,Omega Soap 300 cc Cristal,1.0,529,No,"{""SPRAY    natural/ negra/blanca"": 903, ""SPRAY ENFUNDADA plata /oro"": 1560, ""CREMA blanca/  negra"": 1027, ""CREMA ENFUNDADA plata / oro"": 1616, ""CREMA PREMIUM blanca/negra"": 1089, ""GATILLO MINI trigger negro/blanco"": 1276, ""TAPA CIEGA natural / negra / blanca"": 689, ""difusora aluminio plata / oro"": 709, ""DIFUSORA PLASTICA negra / gris / humo/ blanca"": 683, ""DISK TOP negra / natural"": 693, ""FLIP TOP blanca / natural / negra"": 748, ""tapa ciega aluminio (N022)"": 709}"
nhp 24.xlsx,B001,OMEGA SOAP 300 AMBAR,592,omega-500-cc-ambar,Omega 500 cc Ambar,0.8,933,Sí,"{""SPRAY    natural/ negra/blanca"": 966, ""SPRAY ENFUNDADA plata /oro"": 1623, ""CREMA blanca/  negra"": 1090, ""CREMA ENFUNDADA plata / oro"": 1679, ""CREMA PREMIUM blanca/negra"": 1152, ""GATILLO MINI trigger negro/blanco"": 1339, ""TAPA CIEGA natural / negra / blanca"": 752, ""difusora aluminio plata / oro"": 772, ""DIFUSORA PLASTICA negra / gris / humo/ blanca"": 746, ""DISK TOP negra / natural"": 756, ""FLIP TOP blanca / natural / negra"": 811, ""tapa ciega aluminio (N022)"": 772}"
nhp 24.xlsx,B100,OMEGA SOAP 300 BLANCO,592,omega-500-cc-blanco,Omega 500 cc Blanco,0.811,933,Sí,"{""SPRAY    natural/ negra/blanca"": 966, ""SPRAY ENFUNDADA plata /oro"": 1623, ""CREMA blanca/  negra"": 1090, ""CREMA ENFUNDADA plata / oro"": 1679, ""CREMA PREMIUM blanca/negra"": 1152, ""GATILLO MINI trigger negro/blanco"": 1339, ""TAPA CIEGA natural / negra / blanca"": 752, ""difusora aluminio plata / oro"": 772, ""DIFUSORA PLASTICA negra / gris / humo/ blanca"": 746, ""DISK TOP negra / natural"": 756, ""FLIP TOP blanca / natural / negra"": 811, ""tapa ciega aluminio (N022)"": 772}"
nhp 24.xlsx,B059,BODY 300 CRISTAL,560,body-300-cc-cristal,Body 300 cc Cristal,1.0,560,No,"{""SPRAY    natural/ negra/blanca"": 934, ""SPRAY ENFUNDADA plata /oro"": 1591, ""CREMA blanca/  negra"": 1058, ""CREMA ENFUNDADA plata / oro"": 1647, ""CREMA PREMIUM blanca/negra"": 1120, ""GATILLO MINI trigger negro/blanco"": 1307, ""TAPA CIEGA natural / negra / blanca"": 720, ""difusora aluminio plata / oro"": 740, ""DIFUSORA PLASTICA negra / gris / humo/ blanca"": 714, ""DISK TOP negra / natural"": 724, ""FLIP TOP blanca / natural / negra"": 779, ""tapa ciega aluminio (N022)"": 740}"
nhp 24.xlsx,C009,ROMA  300 CRISTAL,517,roma-300-cc-cristal,Roma 300 cc Cristal,1.0,517,No,"{""SPRAY    natural/ negra/blanca"": 891, ""SPRAY ENFUNDADA plata /oro"": 1548, ""CREMA blanca/  negra"": 1015, ""CREMA ENFUNDADA plata / oro"": 1604, ""CREMA PREMIUM blanca/negra"": 1077, ""GATILLO MINI trigger negro/blanco"": 1264, ""TAPA CIEGA natural / negra / blanca"": 677, ""difusora aluminio plata / oro"": 697, ""DIFUSORA PLASTICA negra / gris / humo/ blanca"": 671, ""DISK TOP negra / natural"": 681, ""FLIP TOP blanca / natural / negra"": 736, ""tapa ciega aluminio (N022)"": 697}"
nhp 24.xlsx,C033,ROMA 300 AMBAR,546,roma-300-cc-ambar,Roma 300 cc Ambar,1.0,546,No,"{""SPRAY    natural/ negra/blanca"": 920, ""SPRAY ENFUNDADA plata /oro"": 1577, ""CREMA blanca/  negra"": 1044, ""CREMA ENFUNDADA plata / oro"": 1633, ""CREMA PREMIUM blanca/negra"": 1106, ""GATILLO MINI trigger negro/blanco"": 1293, ""TAPA CIEGA natural / negra / blanca"": 706, ""difusora aluminio plata / oro"": 726, ""DIFUSORA PLASTICA negra / gris / humo/ blanca"": 700, ""DISK TOP negra / natural"": 710, ""FLIP TOP blanca / natural / negra"": 765, ""tapa ciega aluminio (N022)"": 726}"
nhp 24.xlsx,C034,ROMA 300 BLANCO,546,roma-300-cc-blanco,Roma 300 cc blanco,1.0,546,No,"{""SPRAY    natural/ negra/blanca"": 920, ""SPRAY ENFUNDADA plata /oro"": 1577, ""CREMA blanca/  negra"": 1044, ""CREMA ENFUNDADA plata / oro"": 1633, ""CREMA PREMIUM blanca/negra"": 1106, ""GATILLO MINI trigger negro/blanco"": 1293, ""TAPA CIEGA natural / negra / blanca"": 706, ""difusora aluminio plata / oro"": 726, ""DIFUSORA PLASTICA negra / gris / humo/ blanca"": 700, ""DISK TOP negra / natural"": 710, ""FLIP TOP blanca / natural / negra"": 765, ""tapa ciega aluminio (N022)"": 726}"
nhp 24.xlsx,C037,VENECIA 300 CRISTAL,583,venecia-300-cc-cristal,Venecia 300 cc Cristal,1.0,583,No,"{""SPRAY    natural/ negra/blanca"": 957, ""SPRAY ENFUNDADA plata /oro"": 1614, ""CREMA blanca/  negra"": 1081, ""CREMA ENFUNDADA plata / oro"": 1670, ""CREMA PREMIUM blanca/negra"": 1143, ""GATILLO MINI trigger negro/blanco"": 1330, ""TAPA CIEGA natural / negra / blanca"": 743, ""difusora aluminio plata / oro"": 763, ""DIFUSORA PLASTICA negra / gris / humo/ blanca"": 737, ""DISK TOP negra / natural"": 747, ""FLIP TOP blanca / natural / negra"": 802, ""tapa ciega aluminio (N022)"": 763}"
nhp 24.xlsx,C040,VENECIA 300 FUME,670,venecia-300-cc-fume,Venecia 300 cc Fumé,1.0,670,No,"{""SPRAY    natural/ negra/blanca"": 1044, ""SPRAY ENFUNDADA plata /oro"": 1701, ""CREMA blanca/  negra"": 1168, ""CREMA ENFUNDADA plata / oro"": 1757, ""CREMA PREMIUM blanca/negra"": 1230, ""GATILLO MINI trigger negro/blanco"": 1417, ""TAPA CIEGA natural / negra / blanca"": 830, ""difusora aluminio plata / oro"": 850, ""DIFUSORA PLASTICA negra / gris / humo/ blanca"": 824, ""DISK TOP negra / natural"": 834, ""FLIP TOP blanca / natural / negra"": 889, ""tapa ciega aluminio (N022)"": 850}"
nhp 24.xlsx,C011,CLASSIC ECO 260 CRISTAL,345,clasic-eco-260-cc-cristal,Clasic Eco 260 cc Cristal,0.978,485,Sí,"{""SPRAY    natural/ negra/blanca"": 719, ""SPRAY ENFUNDADA plata /oro"": 1376, ""CREMA blanca/  negra"": 843, ""CREMA ENFUNDADA plata / oro"": 1432, ""CREMA PREMIUM blanca/negra"": 905, ""GATILLO MINI trigger negro/blanco"": 1092, ""TAPA CIEGA natural / negra / blanca"": 505, ""difusora aluminio plata / oro"": 525, ""DIFUSORA PLASTICA negra / gris / humo/ blanca"": 499, ""DISK TOP negra / natural"": 509, ""FLIP TOP blanca / natural / negra"": 564, ""tapa ciega aluminio (N022)"": 525}"
nhp 24.xlsx,B009,OMEGA 250 CRISTAL,498,omega-250-cc-cristal,Omega 250 cc Cristal,1.0,498,No,"{""SPRAY    natural/ negra/blanca"": 872, ""SPRAY ENFUNDADA plata /oro"": 1529, ""CREMA blanca/  negra"": 996, ""CREMA ENFUNDADA plata / oro"": 1585, ""CREMA PREMIUM blanca/negra"": 1058, ""GATILLO MINI trigger negro/blanco"": 1245, ""TAPA CIEGA natural / negra / blanca"": 658, ""difusora aluminio plata / oro"": 678, ""DIFUSORA PLASTICA negra / gris / humo/ blanca"": 652, ""DISK TOP negra / natural"": 662, ""FLIP TOP blanca / natural / negra"": 717, ""tapa ciega aluminio (N022)"": 678}"
nhp 24.xlsx,B007,OMEGA 250 BLANCO,560,omega-250-cc-blanco,Omega 250 cc Blanco,1.0,560,No,"{""SPRAY    natural/ negra/blanca"": 934, ""SPRAY ENFUNDADA plata /oro"": 1591, ""CREMA blanca/  negra"": 1058, ""CREMA ENFUNDADA plata / oro"": 1647, ""CREMA PREMIUM blanca/negra"": 1120, ""GATILLO MINI trigger negro/blanco"": 1307, ""TAPA CIEGA natural / negra / blanca"": 720, ""difusora aluminio plata / oro"": 740, ""DIFUSORA PLASTICA negra / gris / humo/ blanca"": 714, ""DISK TOP negra / natural"": 724, ""FLIP TOP blanca / natural / negra"": 779, ""tapa ciega aluminio (N022)"": 740}"
nhp 24.xlsx,B008,OMEGA 250 AMBAR,560,omega-250-cc-ambar,Omega 250 cc Ambar,1.0,560,No,"{""SPRAY    natural/ negra/blanca"": 934, ""SPRAY ENFUNDADA plata /oro"": 1591, ""CREMA blanca/  negra"": 1058, ""CREMA ENFUNDADA plata / oro"": 1647, ""CREMA PREMIUM blanca/negra"": 1120, ""GATILLO MINI trigger negro/blanco"": 1307, ""TAPA CIEGA natural / negra / blanca"": 720, ""difusora aluminio plata / oro"": 740, ""DIFUSORA PLASTICA negra / gris / humo/ blanca"": 714, ""DISK TOP negra / natural"": 724, ""FLIP TOP blanca / natural / negra"": 779, ""tapa ciega aluminio (N022)"": 740}"
nhp 24.xlsx,C025,LYON 250 FUME,504,lyon-250-cc-fume,Lyon 250 cc Fumé,1.0,504,No,"{""SPRAY    natural/ negra/blanca"": 878, ""SPRAY ENFUNDADA plata /oro"": 1535, ""CREMA blanca/  negra"": 1002, ""CREMA ENFUNDADA plata / oro"": 1591, ""CREMA PREMIUM blanca/negra"": 1064, ""GATILLO MINI trigger negro/blanco"": 1251, ""TAPA CIEGA natural / negra / blanca"": 664, ""difusora aluminio plata / oro"": 684, ""DIFUSORA PLASTICA negra / gris / humo/ blanca"": 658, ""DISK TOP negra / natural"": 668, ""FLIP TOP blanca / natural / negra"": 723, ""tapa ciega aluminio (N022)"": 684}"
nhp 24.xlsx,C026,LYON 250 NEGRO,495,lyon-250-cc-negro,Lyon 250 cc Negro,1.0,495,No,"{""SPRAY    natural/ negra/blanca"": 869, ""SPRAY ENFUNDADA plata /oro"": 1526, ""CREMA blanca/  negra"": 993, ""CREMA ENFUNDADA plata / oro"": 1582, ""CREMA PREMIUM blanca/negra"": 1055, ""GATILLO MINI trigger negro/blanco"": 1242, ""TAPA CIEGA natural / negra / blanca"": 655, ""difusora aluminio plata / oro"": 675, ""DIFUSORA PLASTICA negra / gris / humo/ blanca"": 649, ""DISK TOP negra / natural"": 659, ""FLIP TOP blanca / natural / negra"": 714, ""tapa ciega aluminio (N022)"": 675}"
nhp 24.xlsx,C038,VENECIA 250 MARRON,616,venecia-250-cc-marron,Venecia 250 cc Marron,1.0,616,No,"{""SPRAY    natural/ negra/blanca"": 990, ""SPRAY ENFUNDADA plata /oro"": 1647, ""CREMA blanca/  negra"": 1114, ""CREMA ENFUNDADA plata / oro"": 1703, ""CREMA PREMIUM blanca/negra"": 1176, ""GATILLO MINI trigger negro/blanco"": 1363, ""TAPA CIEGA natural / negra / blanca"": 776, ""difusora aluminio plata / oro"": 796, ""DIFUSORA PLASTICA negra / gris / humo/ blanca"": 770, ""DISK TOP negra / natural"": 780, ""FLIP TOP blanca / natural / negra"": 835, ""tapa ciega aluminio (N022)"": 796}"
nhp 24.xlsx,B005,OMEGA 200 CRISTAL,468,omega-200-cc-cristal,Omega 200 cc Cristal,1.0,468,No,"{""SPRAY    natural/ negra/blanca"": 842, ""SPRAY ENFUNDADA plata /oro"": 1499, ""CREMA blanca/  negra"": 966, ""CREMA ENFUNDADA plata / oro"": 1555, ""CREMA PREMIUM blanca/negra"": 1028, ""GATILLO MINI trigger negro/blanco"": 1215, ""TAPA CIEGA natural / negra / blanca"": 628, ""difusora aluminio plata / oro"": 648, ""DIFUSORA PLASTICA negra / gris / humo/ blanca"": 622, ""DISK TOP negra / natural"": 632, ""FLIP TOP blanca / natural / negra"": 687, ""tapa ciega aluminio (N022)"": 648}"
nhp 24.xlsx,B004,OMEGA 200 BLANCO,498,omega-200-cc-blanco,Omega 200 cc Blanco,1.0,498,No,"{""SPRAY    natural/ negra/blanca"": 872, ""SPRAY ENFUNDADA plata /oro"": 1529, ""CREMA blanca/  negra"": 996, ""CREMA ENFUNDADA plata / oro"": 1585, ""CREMA PREMIUM blanca/negra"": 1058, ""GATILLO MINI trigger negro/blanco"": 1245, ""TAPA CIEGA natural / negra / blanca"": 658, ""difusora aluminio plata / oro"": 678, ""DIFUSORA PLASTICA negra / gris / humo/ blanca"": 652, ""DISK TOP negra / natural"": 662, ""FLIP TOP blanca / natural / negra"": 717, ""tapa ciega aluminio (N022)"": 678}"
nhp 24.xlsx,B096,OMEGA 200 AMBAR ,498,omega-200-cc-ambar,Omega 200 cc Ambar,1.0,498,No,"{""SPRAY    natural/ negra/blanca"": 872, ""SPRAY ENFUNDADA plata /oro"": 1529, ""CREMA blanca/  negra"": 996, ""CREMA ENFUNDADA plata / oro"": 1585, ""CREMA PREMIUM blanca/negra"": 1058, ""GATILLO MINI trigger negro/blanco"": 1245, ""TAPA CIEGA natural / negra / blanca"": 658, ""difusora aluminio plata / oro"": 678, ""DIFUSORA PLASTICA negra / gris / humo/ blanca"": 652, ""DISK TOP negra / natural"": 662, ""FLIP TOP blanca / natural / negra"": 717, ""tapa ciega aluminio (N022)"": 678}"
nhp 24.xlsx,B006,OMEGA 200 SOFT T. BLANCO,623,omega-200-cc-blanco,Omega 200 cc Blanco,0.821,498,Sí,"{""SPRAY    natural/ negra/blanca"": 997, ""SPRAY ENFUNDADA plata /oro"": 1654, ""CREMA blanca/  negra"": 1121, ""CREMA ENFUNDADA plata / oro"": 1710, ""CREMA PREMIUM blanca/negra"": 1183, ""GATILLO MINI trigger negro/blanco"": 1370, ""TAPA CIEGA natural / negra / blanca"": 783, ""difusora aluminio plata / oro"": 803, ""DIFUSORA PLASTICA negra / gris / humo/ blanca"": 777, ""DISK TOP negra / natural"": 787, ""FLIP TOP blanca / natural / negra"": 842, ""tapa ciega aluminio (N022)"": 803}"
nhp 24.xlsx,B020,RO 200 CRISTAL,435,ro-200-cc-cristal,Ro 200 cc Cristal,1.0,435,No,"{""SPRAY    natural/ negra/blanca"": 809, ""SPRAY ENFUNDADA plata /oro"": 1466, ""CREMA blanca/  negra"": 933, ""CREMA ENFUNDADA plata / oro"": 1522, ""CREMA PREMIUM blanca/negra"": 995, ""GATILLO MINI trigger negro/blanco"": 1182, ""TAPA CIEGA natural / negra / blanca"": 595, ""difusora aluminio plata / oro"": 615, ""DIFUSORA PLASTICA negra / gris / humo/ blanca"": 589, ""DISK TOP negra / natural"": 599, ""FLIP TOP blanca / natural / negra"": 654, ""tapa ciega aluminio (N022)"": 615}"
nhp 24.xlsx,B021,RO 200 AMBAR ,468,ro-200-cc-ambar,Ro 200 cc Ambar,1.0,468,No,"{""SPRAY    natural/ negra/blanca"": 842, ""SPRAY ENFUNDADA plata /oro"": 1499, ""CREMA blanca/  negra"": 966, ""CREMA ENFUNDADA plata / oro"": 1555, ""CREMA PREMIUM blanca/negra"": 1028, ""GATILLO MINI trigger negro/blanco"": 1215, ""TAPA CIEGA natural / negra / blanca"": 628, ""difusora aluminio plata / oro"": 648, ""DIFUSORA PLASTICA negra / gris / humo/ blanca"": 622, ""DISK TOP negra / natural"": 632, ""FLIP TOP blanca / natural / negra"": 687, ""tapa ciega aluminio (N022)"": 648}"
nhp 24.xlsx,B022,RO 200 BLANCO,468,ro-200-cc-blanco,Ro 200 cc Blanco,1.0,468,No,"{""SPRAY    natural/ negra/blanca"": 842, ""SPRAY ENFUNDADA plata /oro"": 1499, ""CREMA blanca/  negra"": 966, ""CREMA ENFUNDADA plata / oro"": 1555, ""CREMA PREMIUM blanca/negra"": 1028, ""GATILLO MINI trigger negro/blanco"": 1215, ""TAPA CIEGA natural / negra / blanca"": 628, ""difusora aluminio plata / oro"": 648, ""DIFUSORA PLASTICA negra / gris / humo/ blanca"": 622, ""DISK TOP negra / natural"": 632, ""FLIP TOP blanca / natural / negra"": 687, ""tapa ciega aluminio (N022)"": 648}"
nhp 24.xlsx,B029,LIFE 200 CRISTAL,468,life-200-cc-cristal,Life 200 cc Cristal,1.0,468,No,"{""SPRAY    natural/ negra/blanca"": 842, ""SPRAY ENFUNDADA plata /oro"": 1499, ""CREMA blanca/  negra"": 966, ""CREMA ENFUNDADA plata / oro"": 1555, ""CREMA PREMIUM blanca/negra"": 1028, ""GATILLO MINI trigger negro/blanco"": 1215, ""TAPA CIEGA natural / negra / blanca"": 628, ""difusora aluminio plata / oro"": 648, ""DIFUSORA PLASTICA negra / gris / humo/ blanca"": 622, ""DISK TOP negra / natural"": 632, ""FLIP TOP blanca / natural / negra"": 687, ""tapa ciega aluminio (N022)"": 648}"
nhp 24.xlsx,350,SEVILLA HD 200 CRISTAL,468,sevilla-500-cc-cristal,Sevilla 500 cc Cristal,0.878,759,Sí,"{""SPRAY    natural/ negra/blanca"": 842, ""SPRAY ENFUNDADA plata /oro"": 1499, ""CREMA blanca/  negra"": 966, ""CREMA ENFUNDADA plata / oro"": 1555, ""CREMA PREMIUM blanca/negra"": 1028, ""GATILLO MINI trigger negro/blanco"": 1215, ""TAPA CIEGA natural / negra / blanca"": 628, ""difusora aluminio plata / oro"": 648, ""DIFUSORA PLASTICA negra / gris / humo/ blanca"": 622, ""DISK TOP negra / natural"": 632, ""FLIP TOP blanca / natural / negra"": 687, ""tapa ciega aluminio (N022)"": 648}"
nhp 24.xlsx,C001,SEVILLA HD 200 BLANCO,498,sevilla-200-cc-blanco,Sevilla 200 cc Blanco,0.923,498,Sí,"{""SPRAY    natural/ negra/blanca"": 872, ""SPRAY ENFUNDADA plata /oro"": 1529, ""CREMA blanca/  negra"": 996, ""CREMA ENFUNDADA plata / oro"": 1585, ""CREMA PREMIUM blanca/negra"": 1058, ""GATILLO MINI trigger negro/blanco"": 1245, ""TAPA CIEGA natural / negra / blanca"": 658, ""difusora aluminio plata / oro"": 678, ""DIFUSORA PLASTICA negra / gris / humo/ blanca"": 652, ""DISK TOP negra / natural"": 662, ""FLIP TOP blanca / natural / negra"": 717, ""tapa ciega aluminio (N022)"": 678}"
nhp 24.xlsx,C002,SEVILLA HD 200 AMBAR,0,omega-200-cc-ambar,Omega 200 cc Ambar,0.686,498,Sí,"{""SPRAY    natural/ negra/blanca"": 374, ""SPRAY ENFUNDADA plata /oro"": 1031, ""CREMA blanca/  negra"": 498, ""CREMA ENFUNDADA plata / oro"": 1087, ""CREMA PREMIUM blanca/negra"": 560, ""GATILLO MINI trigger negro/blanco"": 747, ""TAPA CIEGA natural / negra / blanca"": 160, ""difusora aluminio plata / oro"": 180, ""DIFUSORA PLASTICA negra / gris / humo/ blanca"": 154, ""DISK TOP negra / natural"": 164, ""FLIP TOP blanca / natural / negra"": 219, ""tapa ciega aluminio (N022)"": 180}"
nhp 24.xlsx,C008,ROMA  200 CRISTAL,517,roma-300-cc-cristal,Roma 300 cc Cristal,0.938,517,Sí,"{""SPRAY    natural/ negra/blanca"": 891, ""SPRAY ENFUNDADA plata /oro"": 1548, ""CREMA blanca/  negra"": 1015, ""CREMA ENFUNDADA plata / oro"": 1604, ""CREMA PREMIUM blanca/negra"": 1077, ""GATILLO MINI trigger negro/blanco"": 1264, ""TAPA CIEGA natural / negra / blanca"": 677, ""difusora aluminio plata / oro"": 697, ""DIFUSORA PLASTICA negra / gris / humo/ blanca"": 671, ""DISK TOP negra / natural"": 681, ""FLIP TOP blanca / natural / negra"": 736, ""tapa ciega aluminio (N022)"": 697}"
nhp 24.xlsx,B110,ACQUA 200 CRISTAL,498,acqua-200-ml-pet-cristal,Acqua 200 ml PET cristal,1.0,498,No,"{""SPRAY    natural/ negra/blanca"": 872, ""SPRAY ENFUNDADA plata /oro"": 1529, ""CREMA blanca/  negra"": 996, ""CREMA ENFUNDADA plata / oro"": 1585, ""CREMA PREMIUM blanca/negra"": 1058, ""GATILLO MINI trigger negro/blanco"": 1245, ""TAPA CIEGA natural / negra / blanca"": 658, ""difusora aluminio plata / oro"": 678, ""DIFUSORA PLASTICA negra / gris / humo/ blanca"": 652, ""DISK TOP negra / natural"": 662, ""FLIP TOP blanca / natural / negra"": 717, ""tapa ciega aluminio (N022)"": 678}"
nhp 24.xlsx,B123,HEAVEN 200 CRISTAL,498,heaven-200-ml-cristal,Heaven 200 ml cristal,1.0,498,No,"{""SPRAY    natural/ negra/blanca"": 872, ""SPRAY ENFUNDADA plata /oro"": 1529, ""CREMA blanca/  negra"": 996, ""CREMA ENFUNDADA plata / oro"": 1585, ""CREMA PREMIUM blanca/negra"": 1058, ""GATILLO MINI trigger negro/blanco"": 1245, ""TAPA CIEGA natural / negra / blanca"": 658, ""difusora aluminio plata / oro"": 678, ""DIFUSORA PLASTICA negra / gris / humo/ blanca"": 652, ""DISK TOP negra / natural"": 662, ""FLIP TOP blanca / natural / negra"": 717, ""tapa ciega aluminio (N022)"": 678}"
nhp 24.xlsx,B037,HEAVEN 150 CRISTAL,435,heaven-150-cc-cristal,Heaven 150 cc Cristal,1.0,435,No,"{""SPRAY    natural/ negra/blanca"": 809, ""SPRAY ENFUNDADA plata /oro"": 1466, ""CREMA blanca/  negra"": 933, ""CREMA ENFUNDADA plata / oro"": 1522, ""CREMA PREMIUM blanca/negra"": 995, ""GATILLO MINI trigger negro/blanco"": 1182, ""TAPA CIEGA natural / negra / blanca"": 595, ""difusora aluminio plata / oro"": 615, ""DIFUSORA PLASTICA negra / gris / humo/ blanca"": 589, ""DISK TOP negra / natural"": 599, ""FLIP TOP blanca / natural / negra"": 654, ""tapa ciega aluminio (N022)"": 615}"
nhp 24.xlsx,B054,ROUND 150 SOFT  T. BLANCO,623,round-150-cc-natural-soft-touch,Round 150 cc Natural Soft Touch,0.667,623,Sí,"{""SPRAY    natural/ negra/blanca"": 997, ""SPRAY ENFUNDADA plata /oro"": 1654, ""CREMA blanca/  negra"": 1121, ""CREMA ENFUNDADA plata / oro"": 1710, ""CREMA PREMIUM blanca/negra"": 1183, ""GATILLO MINI trigger negro/blanco"": 1370, ""TAPA CIEGA natural / negra / blanca"": 783, ""difusora aluminio plata / oro"": 803, ""DIFUSORA PLASTICA negra / gris / humo/ blanca"": 777, ""DISK TOP negra / natural"": 787, ""FLIP TOP blanca / natural / negra"": 842, ""tapa ciega aluminio (N022)"": 803}"
nhp 24.xlsx,B055,ROUND 150 SOFT T. NAT,623,round-150-cc-natural-soft-touch,Round 150 cc Natural Soft Touch,0.667,623,Sí,"{""SPRAY    natural/ negra/blanca"": 997, ""SPRAY ENFUNDADA plata /oro"": 1654, ""CREMA blanca/  negra"": 1121, ""CREMA ENFUNDADA plata / oro"": 1710, ""CREMA PREMIUM blanca/negra"": 1183, ""GATILLO MINI trigger negro/blanco"": 1370, ""TAPA CIEGA natural / negra / blanca"": 783, ""difusora aluminio plata / oro"": 803, ""DIFUSORA PLASTICA negra / gris / humo/ blanca"": 777, ""DISK TOP negra / natural"": 787, ""FLIP TOP blanca / natural / negra"": 842, ""tapa ciega aluminio (N022)"": 803}"
nhp 24.xlsx,B003,OMEGA 125 CRISTAL,468,omega-125-cc-cristal,Omega 125 cc Cristal,1.0,468,No,"{""SPRAY    natural/ negra/blanca"": 842, ""SPRAY ENFUNDADA plata /oro"": 1499, ""CREMA blanca/  negra"": 966, ""CREMA ENFUNDADA plata / oro"": 1555, ""CREMA PREMIUM blanca/negra"": 1028, ""GATILLO MINI trigger negro/blanco"": 1215, ""TAPA CIEGA natural / negra / blanca"": 628, ""difusora aluminio plata / oro"": 648, ""DIFUSORA PLASTICA negra / gris / humo/ blanca"": 622, ""DISK TOP negra / natural"": 632, ""FLIP TOP blanca / natural / negra"": 687, ""tapa ciega aluminio (N022)"": 648}"
nhp 24.xlsx,B129,OMEGA 125 BLANCO,498,omega-125-cc-blanco,Omega 125 cc Blanco,1.0,498,No,"{""SPRAY    natural/ negra/blanca"": 872, ""SPRAY ENFUNDADA plata /oro"": 1529, ""CREMA blanca/  negra"": 996, ""CREMA ENFUNDADA plata / oro"": 1585, ""CREMA PREMIUM blanca/negra"": 1058, ""GATILLO MINI trigger negro/blanco"": 1245, ""TAPA CIEGA natural / negra / blanca"": 658, ""difusora aluminio plata / oro"": 678, ""DIFUSORA PLASTICA negra / gris / humo/ blanca"": 652, ""DISK TOP negra / natural"": 662, ""FLIP TOP blanca / natural / negra"": 717, ""tapa ciega aluminio (N022)"": 678}"
nhp 24.xlsx,c017,OMEGA/lyon  125 Ambar,498,lyon-125-cc-ambar,Lyon 125 cc Ambar,0.824,498,Sí,"{""SPRAY    natural/ negra/blanca"": 872, ""SPRAY ENFUNDADA plata /oro"": 1529, ""CREMA blanca/  negra"": 996, ""CREMA ENFUNDADA plata / oro"": 1585, ""CREMA PREMIUM blanca/negra"": 1058, ""GATILLO MINI trigger negro/blanco"": 1245, ""TAPA CIEGA natural / negra / blanca"": 658, ""difusora aluminio plata / oro"": 678, ""DIFUSORA PLASTICA negra / gris / humo/ blanca"": 652, ""DISK TOP negra / natural"": 662, ""FLIP TOP blanca / natural / negra"": 717, ""tapa ciega aluminio (N022)"": 678}"
nhp 24.xlsx,C032,LYON 125 NEGRO,498,lyon-125-cc-negro,Lyon 125 cc Negro,1.0,498,No,"{""SPRAY    natural/ negra/blanca"": 872, ""SPRAY ENFUNDADA plata /oro"": 1529, ""CREMA blanca/  negra"": 996, ""CREMA ENFUNDADA plata / oro"": 1585, ""CREMA PREMIUM blanca/negra"": 1058, ""GATILLO MINI trigger negro/blanco"": 1245, ""TAPA CIEGA natural / negra / blanca"": 658, ""difusora aluminio plata / oro"": 678, ""DIFUSORA PLASTICA negra / gris / humo/ blanca"": 652, ""DISK TOP negra / natural"": 662, ""FLIP TOP blanca / natural / negra"": 717, ""tapa ciega aluminio (N022)"": 678}"
nhp 24.xlsx,B017,RO 125 CRISTAL,468,ro-125-cc-cristal,Ro 125 cc Cristal,1.0,468,No,"{""SPRAY    natural/ negra/blanca"": 842, ""SPRAY ENFUNDADA plata /oro"": 1499, ""CREMA blanca/  negra"": 966, ""CREMA ENFUNDADA plata / oro"": 1555, ""CREMA PREMIUM blanca/negra"": 1028, ""GATILLO MINI trigger negro/blanco"": 1215, ""TAPA CIEGA natural / negra / blanca"": 628, ""difusora aluminio plata / oro"": 648, ""DIFUSORA PLASTICA negra / gris / humo/ blanca"": 622, ""DISK TOP negra / natural"": 632, ""FLIP TOP blanca / natural / negra"": 687, ""tapa ciega aluminio (N022)"": 648}"
nhp 24.xlsx,B018,RO 125 AMBAR,498,ro-125-cc-ambar,Ro 125 cc Ambar,1.0,498,No,"{""SPRAY    natural/ negra/blanca"": 872, ""SPRAY ENFUNDADA plata /oro"": 1529, ""CREMA blanca/  negra"": 996, ""CREMA ENFUNDADA plata / oro"": 1585, ""CREMA PREMIUM blanca/negra"": 1058, ""GATILLO MINI trigger negro/blanco"": 1245, ""TAPA CIEGA natural / negra / blanca"": 658, ""difusora aluminio plata / oro"": 678, ""DIFUSORA PLASTICA negra / gris / humo/ blanca"": 652, ""DISK TOP negra / natural"": 662, ""FLIP TOP blanca / natural / negra"": 717, ""tapa ciega aluminio (N022)"": 678}"
nhp 24.xlsx,B019,RO 125 BLANCO,498,ro-125-cc-blanco,Ro 125 cc Blanco,1.0,498,No,"{""SPRAY    natural/ negra/blanca"": 872, ""SPRAY ENFUNDADA plata /oro"": 1529, ""CREMA blanca/  negra"": 996, ""CREMA ENFUNDADA plata / oro"": 1585, ""CREMA PREMIUM blanca/negra"": 1058, ""GATILLO MINI trigger negro/blanco"": 1245, ""TAPA CIEGA natural / negra / blanca"": 658, ""difusora aluminio plata / oro"": 678, ""DIFUSORA PLASTICA negra / gris / humo/ blanca"": 652, ""DISK TOP negra / natural"": 662, ""FLIP TOP blanca / natural / negra"": 717, ""tapa ciega aluminio (N022)"": 678}"
nhp 24.xlsx,B030,LIFE 125 CRISTAL,435,life-125-cc-cristal,Life 125 cc Cristal,1.0,435,No,"{""SPRAY    natural/ negra/blanca"": 809, ""SPRAY ENFUNDADA plata /oro"": 1466, ""CREMA blanca/  negra"": 933, ""CREMA ENFUNDADA plata / oro"": 1522, ""CREMA PREMIUM blanca/negra"": 995, ""GATILLO MINI trigger negro/blanco"": 1182, ""TAPA CIEGA natural / negra / blanca"": 595, ""difusora aluminio plata / oro"": 615, ""DIFUSORA PLASTICA negra / gris / humo/ blanca"": 589, ""DISK TOP negra / natural"": 599, ""FLIP TOP blanca / natural / negra"": 654, ""tapa ciega aluminio (N022)"": 615}"
nhp 24.xlsx,C022,FLORENCIA QUEEN 125 CRISTAL,468,florencia-queen-125-ml-cristal,Florencia Queen 125 ml Cristal,1.0,468,No,"{""SPRAY    natural/ negra/blanca"": 842, ""SPRAY ENFUNDADA plata /oro"": 1499, ""CREMA blanca/  negra"": 966, ""CREMA ENFUNDADA plata / oro"": 1555, ""CREMA PREMIUM blanca/negra"": 1028, ""GATILLO MINI trigger negro/blanco"": 1215, ""TAPA CIEGA natural / negra / blanca"": 628, ""difusora aluminio plata / oro"": 648, ""DIFUSORA PLASTICA negra / gris / humo/ blanca"": 622, ""DISK TOP negra / natural"": 632, ""FLIP TOP blanca / natural / negra"": 687, ""tapa ciega aluminio (N022)"": 648}"
nhp 24.xlsx,B130,TIMES 125 NAT. SOFT T. ,343,times-125-cc-natural-soft-touch,Times 125 cc Natural Soft Touch,0.833,445,Sí,"{""SPRAY    natural/ negra/blanca"": 717, ""SPRAY ENFUNDADA plata /oro"": 1374, ""CREMA blanca/  negra"": 841, ""CREMA ENFUNDADA plata / oro"": 1430, ""CREMA PREMIUM blanca/negra"": 903, ""GATILLO MINI trigger negro/blanco"": 1090, ""TAPA CIEGA natural / negra / blanca"": 503, ""difusora aluminio plata / oro"": 523, ""DIFUSORA PLASTICA negra / gris / humo/ blanca"": 497, ""DISK TOP negra / natural"": 507, ""FLIP TOP blanca / natural / negra"": 562, ""tapa ciega aluminio (N022)"": 523}"
nhp 24.xlsx,C027,VENECIA 125 FUME,535,venecia-125-cc-fume,Venecia 125 cc Fumé,1.0,535,No,"{""SPRAY    natural/ negra/blanca"": 909, ""SPRAY ENFUNDADA plata /oro"": 1566, ""CREMA blanca/  negra"": 1033, ""CREMA ENFUNDADA plata / oro"": 1622, ""CREMA PREMIUM blanca/negra"": 1095, ""GATILLO MINI trigger negro/blanco"": 1282, ""TAPA CIEGA natural / negra / blanca"": 695, ""difusora aluminio plata / oro"": 715, ""DIFUSORA PLASTICA negra / gris / humo/ blanca"": 689, ""DISK TOP negra / natural"": 699, ""FLIP TOP blanca / natural / negra"": 754, ""tapa ciega aluminio (N022)"": 715}"
nhp 24.xlsx,C039,VENECIA 125 MARRON,535,venecia-125-cc-marron,Venecia 125 cc Marron,1.0,535,No,"{""SPRAY    natural/ negra/blanca"": 909, ""SPRAY ENFUNDADA plata /oro"": 1566, ""CREMA blanca/  negra"": 1033, ""CREMA ENFUNDADA plata / oro"": 1622, ""CREMA PREMIUM blanca/negra"": 1095, ""GATILLO MINI trigger negro/blanco"": 1282, ""TAPA CIEGA natural / negra / blanca"": 695, ""difusora aluminio plata / oro"": 715, ""DIFUSORA PLASTICA negra / gris / humo/ blanca"": 689, ""DISK TOP negra / natural"": 699, ""FLIP TOP blanca / natural / negra"": 754, ""tapa ciega aluminio (N022)"": 715}"
nhp 24.xlsx,B078,HEAVEN 100  CRISTAL,435,heaven-100-cc-cristal,Heaven 100 cc Cristal,1.0,435,No,"{""SPRAY    natural/ negra/blanca"": 809, ""SPRAY ENFUNDADA plata /oro"": 1466, ""CREMA blanca/  negra"": 933, ""CREMA ENFUNDADA plata / oro"": 1522, ""CREMA PREMIUM blanca/negra"": 995, ""GATILLO MINI trigger negro/blanco"": 1182, ""TAPA CIEGA natural / negra / blanca"": 595, ""difusora aluminio plata / oro"": 615, ""DIFUSORA PLASTICA negra / gris / humo/ blanca"": 589, ""DISK TOP negra / natural"": 599, ""FLIP TOP blanca / natural / negra"": 654, ""tapa ciega aluminio (N022)"": 615}"
nhp 24.xlsx,B035,HEAVEN 100  BLANCO,468,heaven-100-cc-blanco,Heaven 100 cc Blanco,1.0,468,No,"{""SPRAY    natural/ negra/blanca"": 842, ""SPRAY ENFUNDADA plata /oro"": 1499, ""CREMA blanca/  negra"": 966, ""CREMA ENFUNDADA plata / oro"": 1555, ""CREMA PREMIUM blanca/negra"": 1028, ""GATILLO MINI trigger negro/blanco"": 1215, ""TAPA CIEGA natural / negra / blanca"": 628, ""difusora aluminio plata / oro"": 648, ""DIFUSORA PLASTICA negra / gris / humo/ blanca"": 622, ""DISK TOP negra / natural"": 632, ""FLIP TOP blanca / natural / negra"": 687, ""tapa ciega aluminio (N022)"": 648}"
nhp 24.xlsx,B036,HEAVEN 100 AMBAR ,468,heaven-100-cc-ambar,Heaven 100 cc Ambar,1.0,468,No,"{""SPRAY    natural/ negra/blanca"": 842, ""SPRAY ENFUNDADA plata /oro"": 1499, ""CREMA blanca/  negra"": 966, ""CREMA ENFUNDADA plata / oro"": 1555, ""CREMA PREMIUM blanca/negra"": 1028, ""GATILLO MINI trigger negro/blanco"": 1215, ""TAPA CIEGA natural / negra / blanca"": 628, ""difusora aluminio plata / oro"": 648, ""DIFUSORA PLASTICA negra / gris / humo/ blanca"": 622, ""DISK TOP negra / natural"": 632, ""FLIP TOP blanca / natural / negra"": 687, ""tapa ciega aluminio (N022)"": 648}"
nhp 24.xlsx,C024,FLORENCIA 70 ,434,mini-difusor-florencia-70cc,Mini difusor Florencia 70cc,0.6,614,Sí,"{""SPRAY    natural/ negra/blanca"": 808, ""SPRAY ENFUNDADA plata /oro"": 1465, ""CREMA blanca/  negra"": 932, ""CREMA ENFUNDADA plata / oro"": 1521, ""CREMA PREMIUM blanca/negra"": 994, ""GATILLO MINI trigger negro/blanco"": 1181, ""TAPA CIEGA natural / negra / blanca"": 594, ""difusora aluminio plata / oro"": 614, ""DIFUSORA PLASTICA negra / gris / humo/ blanca"": 588, ""DISK TOP negra / natural"": 598, ""FLIP TOP blanca / natural / negra"": 653, ""tapa ciega aluminio (N022)"": 614}"
nhp 28.xlsx,B013,OMEGA 500 CRISTAL,902,omega-500-cc-cristal,Omega 500 cc Cristal,1.0,902,No,"{""SPRAY\nNegra/ nat"": 1324, ""CREMA natural / negra"": 1462, ""GATILLO GRANDE natural / negro"": 1649, ""GATILLO MINI\n TRIGGER negro"": 1808, ""TAPA CIEGA precinto blanca azul/ roja"": 965, ""TAPA CIEGA \nNEGRA"": 982, ""DISK TOP negra / nat"": 1193, ""FLIP TOP \nHONGO"": 1141, ""FLIP TOP\nNegra"": 1121, ""DIFUSORA\nALUMINIO plata/ oro"": 1092, ""TAPA CIEGA\nALUMINIO"": 1092}"
nhp 28.xlsx,B012,OMEGA 500 AMBAR,933,omega-500-cc-ambar,Omega 500 cc Ambar,1.0,933,No,"{""SPRAY\nNegra/ nat"": 1355, ""CREMA natural / negra"": 1493, ""GATILLO GRANDE natural / negro"": 1680, ""GATILLO MINI\n TRIGGER negro"": 1839, ""TAPA CIEGA precinto blanca azul/ roja"": 996, ""TAPA CIEGA \nNEGRA"": 1013, ""DISK TOP negra / nat"": 1224, ""FLIP TOP \nHONGO"": 1172, ""FLIP TOP\nNegra"": 1152, ""DIFUSORA\nALUMINIO plata/ oro"": 1123, ""TAPA CIEGA\nALUMINIO"": 1123}"
nhp 28.xlsx,B067,OMEGA 500 BLANCO,933,omega-500-cc-blanco,Omega 500 cc Blanco,1.0,933,No,"{""SPRAY\nNegra/ nat"": 1355, ""CREMA natural / negra"": 1493, ""GATILLO GRANDE natural / negro"": 1680, ""GATILLO MINI\n TRIGGER negro"": 1839, ""TAPA CIEGA precinto blanca azul/ roja"": 996, ""TAPA CIEGA \nNEGRA"": 1013, ""DISK TOP negra / nat"": 1224, ""FLIP TOP \nHONGO"": 1172, ""FLIP TOP\nNegra"": 1152, ""DIFUSORA\nALUMINIO plata/ oro"": 1123, ""TAPA CIEGA\nALUMINIO"": 1123}"
nhp 28.xlsx,C004,SEVILLA  500 CRISTAL,759,sevilla-500-cc-cristal,Sevilla 500 cc Cristal,1.0,759,No,"{""SPRAY\nNegra/ nat"": 1181, ""CREMA natural / negra"": 1319, ""GATILLO GRANDE natural / negro"": 1506, ""GATILLO MINI\n TRIGGER negro"": 1665, ""TAPA CIEGA precinto blanca azul/ roja"": 822, ""TAPA CIEGA \nNEGRA"": 839, ""DISK TOP negra / nat"": 1050, ""FLIP TOP \nHONGO"": 998, ""FLIP TOP\nNegra"": 978, ""DIFUSORA\nALUMINIO plata/ oro"": 949, ""TAPA CIEGA\nALUMINIO"": 949}"
nhp 28.xlsx,B027,CUADRADO 150 CRISTAL,468,cuadrado-150-cc-cristal,Cuadrado 150 cc Cristal,1.0,468,No,"{""SPRAY\nNegra/ nat"": 890, ""CREMA natural / negra"": 1028, ""GATILLO GRANDE natural / negro"": 1215, ""GATILLO MINI\n TRIGGER negro"": 1374, ""TAPA CIEGA precinto blanca azul/ roja"": 531, ""TAPA CIEGA \nNEGRA"": 548, ""DISK TOP negra / nat"": 759, ""FLIP TOP \nHONGO"": 707, ""FLIP TOP\nNegra"": 687, ""DIFUSORA\nALUMINIO plata/ oro"": 658, ""TAPA CIEGA\nALUMINIO"": 658}"
nhp 28.xlsx,B028,CUADRADO 150 AMBAR,498,cuadrado-150-cc-ambar,Cuadrado 150 cc Ámbar,1.0,498,No,"{""SPRAY\nNegra/ nat"": 920, ""CREMA natural / negra"": 1058, ""GATILLO GRANDE natural / negro"": 1245, ""GATILLO MINI\n TRIGGER negro"": 1404, ""TAPA CIEGA precinto blanca azul/ roja"": 561, ""TAPA CIEGA \nNEGRA"": 578, ""DISK TOP negra / nat"": 789, ""FLIP TOP \nHONGO"": 737, ""FLIP TOP\nNegra"": 717, ""DIFUSORA\nALUMINIO plata/ oro"": 688, ""TAPA CIEGA\nALUMINIO"": 688}"
nhp 28.xlsx,B025,CUADRADO 100 CRISTAL,435,cuadrado-100-cc-cristal,Cuadrado 100 cc Cristal,1.0,435,No,"{""SPRAY\nNegra/ nat"": 857, ""CREMA natural / negra"": 995, ""GATILLO GRANDE natural / negro"": 1182, ""GATILLO MINI\n TRIGGER negro"": 1341, ""TAPA CIEGA precinto blanca azul/ roja"": 498, ""TAPA CIEGA \nNEGRA"": 515, ""DISK TOP negra / nat"": 726, ""FLIP TOP \nHONGO"": 674, ""FLIP TOP\nNegra"": 654, ""DIFUSORA\nALUMINIO plata/ oro"": 625, ""TAPA CIEGA\nALUMINIO"": 625}"
nhp 28.xlsx,B026,CUADRADO 100 AMBAR,452,cuadrado-100-cc-ambar,Cuadrado 100 cc Ámbar,1.0,452,No,"{""SPRAY\nNegra/ nat"": 874, ""CREMA natural / negra"": 1012, ""GATILLO GRANDE natural / negro"": 1199, ""GATILLO MINI\n TRIGGER negro"": 1358, ""TAPA CIEGA precinto blanca azul/ roja"": 515, ""TAPA CIEGA \nNEGRA"": 532, ""DISK TOP negra / nat"": 743, ""FLIP TOP \nHONGO"": 691, ""FLIP TOP\nNegra"": 671, ""DIFUSORA\nALUMINIO plata/ oro"": 642, ""TAPA CIEGA\nALUMINIO"": 642}"
nhp 28.xlsx,B079,LEVEPET 30 AMBAR,311,heaven-30-cc-ambar,Heaven 30 cc Ambar,0.774,311,Sí,"{""SPRAY\nNegra/ nat"": 733, ""CREMA natural / negra"": 871, ""GATILLO GRANDE natural / negro"": 1058, ""GATILLO MINI\n TRIGGER negro"": 1217, ""TAPA CIEGA precinto blanca azul/ roja"": 374, ""TAPA CIEGA \nNEGRA"": 391, ""DISK TOP negra / nat"": 602, ""FLIP TOP \nHONGO"": 550, ""FLIP TOP\nNegra"": 530, ""DIFUSORA\nALUMINIO plata/ oro"": 501, ""TAPA CIEGA\nALUMINIO"": 501}"
nhp 28.xlsx,B080,LEVEPET 50 AMBAR,435,heaven-60-cc-ambar,Heaven 60 cc Ambar,0.71,330,Sí,"{""SPRAY\nNegra/ nat"": 857, ""CREMA natural / negra"": 995, ""GATILLO GRANDE natural / negro"": 1182, ""GATILLO MINI\n TRIGGER negro"": 1341, ""TAPA CIEGA precinto blanca azul/ roja"": 498, ""TAPA CIEGA \nNEGRA"": 515, ""DISK TOP negra / nat"": 726, ""FLIP TOP \nHONGO"": 674, ""FLIP TOP\nNegra"": 654, ""DIFUSORA\nALUMINIO plata/ oro"": 625, ""TAPA CIEGA\nALUMINIO"": 625}"
nhp 28.xlsx,B081,LEVEPET 100 AMBAR,498,heaven-100-cc-ambar,Heaven 100 cc Ambar,0.788,468,Sí,"{""SPRAY\nNegra/ nat"": 920, ""CREMA natural / negra"": 1058, ""GATILLO GRANDE natural / negro"": 1245, ""GATILLO MINI\n TRIGGER negro"": 1404, ""TAPA CIEGA precinto blanca azul/ roja"": 561, ""TAPA CIEGA \nNEGRA"": 578, ""DISK TOP negra / nat"": 789, ""FLIP TOP \nHONGO"": 737, ""FLIP TOP\nNegra"": 717, ""DIFUSORA\nALUMINIO plata/ oro"": 688, ""TAPA CIEGA\nALUMINIO"": 688}"
nhp 28.xlsx,B112,LEVEPET 100 CRISTAL,435,botella-leve-pet-50-ml-cristal,Botella Leve PET 50 ml cristal,0.824,268,Sí,"{""SPRAY\nNegra/ nat"": 857, ""CREMA natural / negra"": 995, ""GATILLO GRANDE natural / negro"": 1182, ""GATILLO MINI\n TRIGGER negro"": 1341, ""TAPA CIEGA precinto blanca azul/ roja"": 498, ""TAPA CIEGA \nNEGRA"": 515, ""DISK TOP negra / nat"": 726, ""FLIP TOP \nHONGO"": 674, ""FLIP TOP\nNegra"": 654, ""DIFUSORA\nALUMINIO plata/ oro"": 625, ""TAPA CIEGA\nALUMINIO"": 625}"
nhp 28.xlsx,S015,LEVEPET 250 AMBAR,580,omega-250-cc-ambar,Omega 250 cc Ambar,0.688,560,Sí,"{""SPRAY\nNegra/ nat"": 1002, ""CREMA natural / negra"": 1140, ""GATILLO GRANDE natural / negro"": 1327, ""GATILLO MINI\n TRIGGER negro"": 1486, ""TAPA CIEGA precinto blanca azul/ roja"": 643, ""TAPA CIEGA \nNEGRA"": 660, ""DISK TOP negra / nat"": 871, ""FLIP TOP \nHONGO"": 819, ""FLIP TOP\nNegra"": 799, ""DIFUSORA\nALUMINIO plata/ oro"": 770, ""TAPA CIEGA\nALUMINIO"": 770}"
nhp 28.xlsx,H001,BOTELLA PET 1000 CRISTAL,698,soft-100-cc-cristal,Soft 100 cc Cristal,0.786,435,Sí,"{""SPRAY\nNegra/ nat"": 1120, ""CREMA natural / negra"": 1258, ""GATILLO GRANDE natural / negro"": 1445, ""GATILLO MINI\n TRIGGER negro"": 1604, ""TAPA CIEGA precinto blanca azul/ roja"": 761, ""TAPA CIEGA \nNEGRA"": 778, ""DISK TOP negra / nat"": 989, ""FLIP TOP \nHONGO"": 937, ""FLIP TOP\nNegra"": 917, ""DIFUSORA\nALUMINIO plata/ oro"": 888, ""TAPA CIEGA\nALUMINIO"": 888}"
nhp 28.xlsx,H014,BOTELLA PET 500 CRISTAL,462,lyon-500-cc-cristal,Lyon 500 cc Cristal,0.815,630,Sí,"{""SPRAY\nNegra/ nat"": 884, ""CREMA natural / negra"": 1022, ""GATILLO GRANDE natural / negro"": 1209, ""GATILLO MINI\n TRIGGER negro"": 1368, ""TAPA CIEGA precinto blanca azul/ roja"": 525, ""TAPA CIEGA \nNEGRA"": 542, ""DISK TOP negra / nat"": 753, ""FLIP TOP \nHONGO"": 701, ""FLIP TOP\nNegra"": 681, ""DIFUSORA\nALUMINIO plata/ oro"": 652, ""TAPA CIEGA\nALUMINIO"": 652}"
nhp 28.xlsx,H003,BOTELLA PET 250 CRISTAL,390,ro-200-cc-cristal,Ro 200 cc Cristal,0.8,435,Sí,"{""SPRAY\nNegra/ nat"": 812, ""CREMA natural / negra"": 950, ""GATILLO GRANDE natural / negro"": 1137, ""GATILLO MINI\n TRIGGER negro"": 1296, ""TAPA CIEGA precinto blanca azul/ roja"": 453, ""TAPA CIEGA \nNEGRA"": 470, ""DISK TOP negra / nat"": 681, ""FLIP TOP \nHONGO"": 629, ""FLIP TOP\nNegra"": 609, ""DIFUSORA\nALUMINIO plata/ oro"": 580, ""TAPA CIEGA\nALUMINIO"": 580}"
nhp 28.xlsx,S017,BOTELLA PET 1000 AMBAR,0,ro-200-cc-ambar,Ro 200 cc Ambar,0.727,468,Sí,"{""SPRAY\nNegra/ nat"": 422, ""CREMA natural / negra"": 560, ""GATILLO GRANDE natural / negro"": 747, ""GATILLO MINI\n TRIGGER negro"": 906, ""TAPA CIEGA precinto blanca azul/ roja"": 63, ""TAPA CIEGA \nNEGRA"": 80, ""DISK TOP negra / nat"": 291, ""FLIP TOP \nHONGO"": 239, ""FLIP TOP\nNegra"": 219, ""DIFUSORA\nALUMINIO plata/ oro"": 190, ""TAPA CIEGA\nALUMINIO"": 190}"
nhp 28.xlsx,J009,BOTELLA PEAD 1000 NATURAL,708,botella-1000-cc-pead-natural,Botella 1000 cc pead natural,0.706,1122,Sí,"{""SPRAY\nNegra/ nat"": 1130, ""CREMA natural / negra"": 1268, ""GATILLO GRANDE natural / negro"": 1455, ""GATILLO MINI\n TRIGGER negro"": 1614, ""TAPA CIEGA precinto blanca azul/ roja"": 771, ""TAPA CIEGA \nNEGRA"": 788, ""DISK TOP negra / nat"": 999, ""FLIP TOP \nHONGO"": 947, ""FLIP TOP\nNegra"": 927, ""DIFUSORA\nALUMINIO plata/ oro"": 898, ""TAPA CIEGA\nALUMINIO"": 898}"
nhp 28.xlsx,s038,BOTELLA PEAD 500 BLANCA,397,omega-500-cc-blanco,Omega 500 cc Blanco,0.774,933,Sí,"{""SPRAY\nNegra/ nat"": 819, ""CREMA natural / negra"": 957, ""GATILLO GRANDE natural / negro"": 1144, ""GATILLO MINI\n TRIGGER negro"": 1303, ""TAPA CIEGA precinto blanca azul/ roja"": 460, ""TAPA CIEGA \nNEGRA"": 477, ""DISK TOP negra / nat"": 688, ""FLIP TOP \nHONGO"": 636, ""FLIP TOP\nNegra"": 616, ""DIFUSORA\nALUMINIO plata/ oro"": 587, ""TAPA CIEGA\nALUMINIO"": 587}"
